<?xml version="1.0" encoding="UTF-8" ?>
<!DOCTYPE mapper PUBLIC "-//mybatis.org//DTD Mapper 3.0//EN" "http://mybatis.org/dtd/mybatis-3-mapper.dtd">
<mapper namespace="com.latou.my.shop.web.admin.dao.TbContentCategoryDao">
    <sql id="tbContentCategoryColumns">
        a.id,
        a.parent_id AS parentId,
        a.name,
        a.status,
        a.sort_order AS sortOrder,
        a.is_parent AS isParent,
        a.created,
        a.updated
    </sql>

    <select id="selectAll" resultType="TbContentCategory">
        SELECT * FROM tb_content_category ORDER BY parent_id ASC, is_parent DESC
    </select>

    <select id="selectByPid" resultType="TbContentCategory">
        SELECT
        <include refid="tbContentCategoryColumns"/>
        FROM tb_content_category AS a
        WHERE
        a.parent_id = #{id}

    </select>

    <insert id="insert">
    INSERT INTO tb_content_category (
        id,
        parent_id,
        name,
        status,
        sort_order,
        is_parent,
        created,
        updated
    )
    VALUES
      (
        #{id},
        #{parent_id},
        #{name},
        #{status},
        #{sort_order},
        #{is_parent},
        #{created},
        #{updated}
      )
    </insert>

    <delete id="delete">
        DELETE FROM tb_content_category WHERE id = #{id}
    </delete>
    <select id="getById" resultType="TbContentCategory">
        SELECT
        <include refid="tbContentCategoryColumns"/>
        FROM
        tb_content_category AS a
        WHERE
        a.id = #{id}
    </select>

    <update id="update">
        UPDATE tb_content_category
        SET
        parent_id=#{parent_id},
        name=#{name},
        status=#{status},
        sort_order=#{sort_order},
        is_parent#{is_parent},
        created=#{created},
        updated=#{updated}
        WHERE
          id=#{id}
    </update>
</mapper>