<?xml version="1.0" encoding="UTF-8" ?>
<!DOCTYPE mapper PUBLIC "-//mybatis.org//DTD Mapper 3.0//EN" "http://mybatis.org/dtd/mybatis-3-mapper.dtd">
<mapper namespace="com.latou.my.shop.web.admin.dao.TbUserDao">
    <sql id="tbUserColumns">
          a.id,
          a.username,
          a.password,
          a.phone,
          a.email,
          a.created,
          a.updated
    </sql>
    
    <select id="selectAll" resultType="TbUser">
        SELECT
         <include refid="tbUserColumns"/>
        FROM
          tb_user AS a
    </select>

    <insert id="insert">
    INSERT INTO tb_user (
      username,
      password,
      phone,
      email,
      created,
      updated
    )
    VALUES
      (
        #{username},
        #{password},
        #{phone},
        #{email},
        #{created},
        #{updated}
      )
    </insert>

    <delete id="delete">
        DELETE FROM tb_user WHERE id = #{id}
    </delete>
    <select id="getById" resultType="TbUser">
        SELECT
          <include refid="tbUserColumns"/>
        FROM
          tb_user AS a
        WHERE
          a.id = #{id}
    </select>

    <update id="update">
        UPDATE tb_user
        SET
         username= #{username},
         password= #{password},
         phone=#{phone},
         email=#{email},
         created=#{created},
         updated=#{updated}
        WHERE
          id=#{id}
    </update>
    


    <select id="getByEmail" resultType="TbUser">
        SELECT
            <include refid="tbUserColumns"/>
        FROM
            tb_user AS a
        WHERE
            a.email = #{email}
    </select>


    <delete id="deleteMulti">
        DELETE FROM tb_user
        WHERE id IN 
        <foreach collection="array" open="(" close= ")" separator="," item="id">
            #{id}
        </foreach>
    </delete>

    <select id="page" resultType="TbUser" parameterType="java.util.Map">
        SELECT
        <include refid="tbUserColumns"/>
        FROM
        tb_user AS a
        <where>
            <if test="tbUser.username !=null and tbUser.username !=''">
                AND a.username LIKE CONCAT ('%',#{tbUser.username},'%')
            </if>
            <if test="tbUser.phone !=null and tbUser.phone !=''">
                AND a.phone LIKE CONCAT('%',#{tbUser.phone},'%')
            </if>
            <if test="tbUser.email !=null and tbUser.email !=''">
                AND a.email LIKE CONCAT('%',#{tbUser.email},'%')
            </if>
        </where>
        LIMIT #{start},#{length}
    </select>

    <select id="count1" resultType="java.lang.Integer">
        SELECT COUNT(*) FROM tb_user AS a
        <where>
            <if test="username !=null and username !=''">
                AND a.username LIKE CONCAT ('%',#{username},'%')
            </if>
            <if test="phone !=null and phone !=''">
                AND a.phone LIKE CONCAT('%',#{phone},'%')
            </if>
            <if test="email !=null and email !=''">
                AND a.email LIKE CONCAT('%',#{email},'%')
            </if>
        </where>
    </select>
</mapper>